,Unnamed: 0,username,tweet,link
150,1977,limavini_ius,"Finalmente ela conseguiu me convencer a ir procurar ajuda profissional, fui diagnosticado com depress√£o severa. Sintomas como apatia, tristeza, desanimo, ansiedade, insonia, pensamentos suicidas, raiva, frustra√ß√£o, falta/escesso de apetite, falta de libido...",https://twitter.com/limavini_ius/status/1041662825008177152
151,1982,jjiyongxx,"E hoje foi oficializado, fui diagnosticado com depress√£o e j√° recebi os rem√©dios pra come√ßar o tratamento",https://twitter.com/jjiyongxx/status/1039988201144889344
152,1986,conteachart,"Alguns n√£o sabem, mas eu j√° fui diagnosticado com depress√£o. Hoje, existem fortes ind√≠cios de que na vdd eu tenha bipolaridade(o q faz mais sentido)... E n√£o... Eu n√£o tenho apooio da fam√≠lia. Tudo que fazem √© diminuir o que sinto.",https://twitter.com/conteachart/status/1038975999298469891
153,1990,yagomiiranda,"Essa semana faz 1 ano que fui diagnosticado com depress√£o. Achava que n√£o conseguiria sair dessa, mas gra√ßas a Deus e a minha fam√≠lia, consegui. Esse √∫ltimo ano mudou a minha vida, mudou a minha maneira de ver o mundo e as pessoas. Acredito que em todo mal h√° um bem.",https://twitter.com/yagomiiranda/status/1038071717988638721
154,1991,haraf_gabriel,Em plena aula sobre suic√≠dio eu fui diagnosticado com depress√£o leve,https://twitter.com/Haraf_gabriel/status/1037757443059707904
155,1996,notmebutme2,h√° quatro anos atras eu fui diagnosticado com depress√£o pela primeira vez. eu j√° tinha todo um problema de auto estima rolando h√° muito tempo.,https://twitter.com/notmebutme2/status/1037026221241061377
156,1997,jeeppa,"eu tamb√©m sou AA desse rol√© ai, infelizmente fui diagnosticado com depress√£o um tempo atr√°s, mas encerrei o tratamento no comecinho do ano :3",https://twitter.com/jeeppa/status/1036828602183180289
157,1999,alegaules,"A pouco mais de um ano fui diagnosticado com depress√£o severa! Na √©poca pensava todos os dias uma forma de me suicidar. No dia 03 de janeiro comecei a streamar como forma de terapia e ajudar outros como eu. Hoje completo 9 meses de stream. N√£o morri, pelo contr√°rio, renasci üëä",https://twitter.com/alegaules/status/1036752633606877185
158,2000,mcmxciofc,"""Sempre √© passageiro"" utilizo essa fraze desde meus 15 anos quando fui diagnosticado com depress√£o e s√≠ndrome do p√¢nico. Aprendi sozinho (sem ajuda de amigos ou familia) a me controlar e procurar ver vida na minha exist√™ncia. Te entendo mais que possa pensar. S√≥ fique bem. ‚ù§",https://twitter.com/MCMXCIOFC/status/1036745074871287810
159,2002,shydiammond,"E eles tamb√©m ficam me empurrando religi√£o, mesmo que eu tamb√©m seja de√≠sta. Ano passado fui diagnosticado com depress√£o, se n√£o fosse minha psic√≥loga eu n√£o teria me livrado dessa doen√ßa e tamb√©m j√° teria ido pro outro mundo faz tempo",https://twitter.com/ShyDiammond/status/1036378146839441408
