id,tweet,link,date,time
1080415845954666497,"Me devolve meu amor, pelo amor de Deus  T√° foda de aguentar essa dor... Quero ele aqui comigo... N√£o consigo suportar isso",https://twitter.com/ryuunomon/status/1080415845954666497,2019-01-02,08:49:45
1079447488010936320,"Credo, eu abro essa merda de Twitter e s√≥ tem adolescente feio pra caralho mendigando rea√ß√£o em tag  Voc√™s s√£o feios e chatos, puta merda kkkk",https://twitter.com/ryuunomon/status/1079447488010936320,2018-12-30,16:41:50
1079447014616657921,Que saco  N√£o d√° pra escrever nada que fica essa merda apitando com notifica√ß√£o  Vou pro Facebook flw,https://twitter.com/ryuunomon/status/1079447014616657921,2018-12-30,16:39:58
1079446690338226176,"Eu tenho orgulho de ser quem eu sou  De tudo o que conquistei sozinho, com 24~25 anos Mas eu n√£o sou rico... Seria melhor se eu fosse, n√©?   Al√©m de todas as exig√™ncias sobre a conveni√™ncia de locomo√ß√£o pro trabalho e faculdade, n√£o tenho como exigir mimos como banheiro separado",https://twitter.com/ryuunomon/status/1079446690338226176,2018-12-30,16:38:40
1079445296457834496,"Tem coisas que da vergonha de postar no Facebook porque as pessoas v√£o entender o que eu digo  Mas na verdade, to escrevendo s√≥ pra mim mesmo",https://twitter.com/ryuunomon/status/1079445296457834496,2018-12-30,16:33:08
1067756803637702657,Essa noite eu dormirei sozinho...,https://twitter.com/ryuunomon/status/1067756803637702657,2018-11-28,10:27:14
1067736978597195776,Sinto forte pancadas de s√≠ndrome do p√¢nico para esta noite,https://twitter.com/ryuunomon/status/1067736978597195776,2018-11-28,09:08:27
1067736810384588801,"Caralho, que puta vontade de morrer  E ao mesmo tempo essa ansiedade me sufocando... Parece que meu peito vai explodir",https://twitter.com/ryuunomon/status/1067736810384588801,2018-11-28,09:07:47
1063406369296904193,"De amigo pr√≥ximo nunca passei  Mas de gente que conversava sempre, curtia todos os meus tweets, conversava no line etc  Varias pessoas  Nem me surpreendo kkkk",https://twitter.com/ryuunomon/status/1063406369296904193,2018-11-16,10:20:10
1063403321619210240,"cara, se tem uma coisa que ODEIO  √â quem d√° unfollow nos outros pra parecer que √© popular tendo mais followers do que follows",https://twitter.com/ryuunomon/status/1063403321619210240,2018-11-16,10:08:03
1050588262828400640,ele √© um beb√™ ;_;  Quero que voc√™s se conhe√ßam um dia ‚ô°,https://twitter.com/ryuunomon/status/1050588262828400640,2018-10-12,00:25:35
1033081769921138688,aaaaaaaaaaaaa AHAHA lindeza da minha vida,https://twitter.com/ryuunomon/status/1033081769921138688,2018-08-24,17:01:02
1023824989739347968,AHAHAHA S√≥ se for de lingua  Mlk aqui tava 41 com sensa√ß√£o de 50 e pouco  Mais l√° pra baixo t√° fazendo uns 46  Hj que t√° nublado t√° fazendo 39 neste exato momento AHAHAHA,https://twitter.com/ryuunomon/status/1023824989739347968,2018-07-30,03:57:53
1021762232013611008,‚òú saco de lixo,https://twitter.com/ryuunomon/status/1021762232013611008,2018-07-24,11:21:14
1021671956326670338,eu sou um peda√ßo de merda,https://twitter.com/ryuunomon/status/1021671956326670338,2018-07-24,05:22:30
1013610386195529734,Brigadeiro eu posso fazer aqui e tbm n√£o ligo Mas sou apaixonado pelo resto  E salgadinho de festa aaaaaaa  Q isso um pastelzin de queijo minas q s√≥ tem a√≠ no br puta merda aaaaa s√≥ de pensar to sofrendo,https://twitter.com/ryuunomon/status/1013610386195529734,2018-07-01,23:28:42
1007101688614752256,T√° vendo como eu conhe√ßo bem meu futuro marido,https://twitter.com/ryuunomon/status/1007101688614752256,2018-06-14,00:25:28
1007091832134594560,o meu tbm √©!!  Loiro escuro mate acinzentado  Eu odiava mas hoje em dia gosto Por√©m prefiro preto,https://twitter.com/ryuunomon/status/1007091832134594560,2018-06-13,23:46:18
1003790863737151491,pede emprestado  eh caso de vida ou morte,https://twitter.com/ryuunomon/status/1003790863737151491,2018-06-04,21:09:26
1001974939514175489,AHAHAHAH poxa vida Pior de td √© ser pobre √© ter morado na zona sul,https://twitter.com/ryuunomon/status/1001974939514175489,2018-05-30,20:53:36
996544562750345222,puta merda AHAHAHAHAH,https://twitter.com/ryuunomon/status/996544562750345222,2018-05-15,21:15:13
993384038088900608,"tipo, nak sei como explicar  procura por tenga no google que vai aparecer como eh  eh embaladinho e tal  mas mesmo assim, o cara ter 25 anos, punheteiro, mora com os pais e a mae arruma o quarto  postar isso tentando zuar a mae, soh queima o filme dele kkkk",https://twitter.com/ryuunomon/status/993384038088900608,2018-05-07,03:56:25
993339804975710208,"cara tu √© um fracassado de 25 anos, n√£o tem namorada, punheteiro master, mora com a m√£e e deixa ela arrumar teu quarto  Postar essa foto s√≥ t√° se auto-zoando",https://twitter.com/ryuunomon/status/993339804975710208,2018-05-07,01:00:39
993339596174835712,"o filho da puta posta foto zoando a m√£e, dizendo que a ela arrumou o quarto dele e alinhou todos os masturbadores TENGA(uns 10) dele na caixa e tal, porque ela muito provavelmente n√£o sabia que eram masturbadores",https://twitter.com/ryuunomon/status/993339596174835712,2018-05-07,00:59:49
991993112103800833,A pessoa faz o poss√≠vel pra te tirar da porra do s√©rio,https://twitter.com/ryuunomon/status/991993112103800833,2018-05-03,07:49:22
989864507513102336,poxa vida ): parece ate que falei de kpop,https://twitter.com/ryuunomon/status/989864507513102336,2018-04-27,10:51:04
973941223613349889,"De boa, nessa situa√ß√£o, ser negativo √© ser sensato  Ser positivo √© inventar situa√ß√µes provavelmente imposs√≠veis de terem acontecido pra te confortar por um breve momento at√© voc√™ descobrir a verdade devastadora e tomar no cu",https://twitter.com/ryuunomon/status/973941223613349889,2018-03-14,12:17:37
973940673073197056,"a) o celular dela quebrou, coincidentemente dando tempo de ler sua msgm, mas n√£o de responder b) ela sofreu um acidente logo ap√≥s ler sua msgm  c) ela morreu ap√≥s ler sua msgm  d) ela n√£o tem culhao pra dizer que n√£o t√° mais afim e resolveu te evitar  Hm... Qual a mais prov√°vel?",https://twitter.com/ryuunomon/status/973940673073197056,2018-03-14,12:15:26
973939521380278272,"""N√£o seja t√£o negativo, √†s vezes nem √© isso que voc√™ t√° pensando"" A pessoa conversa contigo de manh√£ at√© a noite todos os dias, e faltando 1 semana pro encontro ela fica estranha e l√™ sua mensagem sem responder e voc√™s n√£o se falam por 2 dias(contando) Vamos l√°, m√∫ltipla escolha",https://twitter.com/ryuunomon/status/973939521380278272,2018-03-14,12:10:51
973218859321778176,Eu sinto falta da √©poca em que eu era frio e n√£o conseguia amar ou me importar com ningu√©m Mas ao mesmo tempo n√£o sinto Porque eu tamb√©m n√£o conseguia amar e nem me importar com a minha fam√≠lia Eu me sinto feliz por hoje em dia valorizar e me permitir amar e ser amado por ela...,https://twitter.com/ryuunomon/status/973218859321778176,2018-03-12,12:27:12
969916798031167488,"@hajiinomoto cara no momento que tu tu favoritou meu Tweet do sws, eu me senti sendo aniquilado por um olhar de repulsa AHAHAHAH",https://twitter.com/ryuunomon/status/969916798031167488,2018-03-03,09:45:59
969062838852493312,"As pessoas de baixa autoestima veem isso √© pensam ""porra, se ela que tem 20 mil followers e 83636382 likes acha que √© normal e n√£o tem nada de especial e diz que n√£o √© popular, imagina eu com 1000 followers e 100 likes q merda de vida heim""",https://twitter.com/ryuunomon/status/969062838852493312,2018-03-01,01:12:39
969061956588941313,"A pessoa tem 20 mil seguidores, milh√µes de likes e milhares de pessoas a amando, tem uma voz linda e ainda faz aquela voz fofa for√ßada(que √© fofo pra caralho) e fica for√ßando humildade dizendo que n√£o √© famosa, que n√£o √© bonita e que tem a voz normal pqp",https://twitter.com/ryuunomon/status/969061956588941313,2018-03-01,01:09:09
969061221805600768,"Ser humilde ou ter a autoestima baixa e n√£o se achar bonito ou especial, como eu e muitas pessoas, √© completamente compreens√≠vel Mas ser humilde e for√ßar humildade s√£o duas coisas distintas",https://twitter.com/ryuunomon/status/969061221805600768,2018-03-01,01:06:14
965870800954802177,Boa noite desejo que v√£o todos tomar no cu,https://twitter.com/ryuunomon/status/965870800954802177,2018-02-20,05:48:38
964286710971445248,"Ol√°, como foi seu dia?",https://twitter.com/ryuunomon/status/964286710971445248,2018-02-15,21:54:02
962686286703153152,"2.592.000 segundos durou o nosso amor. Tempo suficiente para acontecer tudo o que poderia acontecer em anos de namoro, todo o desgaste emocional espremido em apenas 1 m√™s.  √â isso foi o que nos separou. O tempo, ou melhor, o fato de n√£o termos sabido lidar com ele.",https://twitter.com/ryuunomon/status/962686286703153152,2018-02-11,11:54:31
962685630567215106,"O nosso relacionamento durou apenas 1 m√™s  Terminou t√£o r√°pido quanto come√ßou... Foi tudo t√£o r√°pido  No dia em que nos conhecemos, sent√≠amos como se j√° nos conhec√™ssemos h√° anos. A cada vez que nos dev√≠amos, parecia uma eternidade E esse m√™s, para n√≥s, foi como anos de namoro.",https://twitter.com/ryuunomon/status/962685630567215106,2018-02-11,11:51:54
962683670707359745,"O primeiro beijo no momento em que te vi pela primeira vez, a primeira briga logo ent√£o, seguido do primeiro sexo  A primeira vez andando de m√£os dadas, os primeiros sorrisos, a primeira vez secando suas l√°grimas na hora da despedida, em meio √† tantas palavras de amor e conforto",https://twitter.com/ryuunomon/status/962683670707359745,2018-02-11,11:44:07
962683218750091264,"Tudo relacionado √† n√≥s foi muito r√°pido Amor √† primeira vista, liga√ß√µes e flertes no dia em que nos conhecemos, o meu pedido de namoro no dia seguinte, seguido da sua aceita√ß√£o, e o primeiro encontro na mesma semana em meio √† tanta ansiedade",https://twitter.com/ryuunomon/status/962683218750091264,2018-02-11,11:42:19
957272575331086339,"Nada √© pior do que viver dia ap√≥s dia... Sem conseguir se interessar ou aproveitar nada,  sem compreender a gra√ßa da vida Viver apenas por viver... √Ä espera da morte...",https://twitter.com/ryuunomon/status/957272575331086339,2018-01-27,13:22:21
954295192701423617,"Eu pensei que havia falhado no suic√≠dio De certo modo eu falhei, por n√£o ter morrido Mas eu suicidei algo muito pior... Suicidei minha felicidade Ao tentar acabar com a minha vida, acabei com a √∫nica chance que tinha de ser feliz com a √∫nica pessoa que me completa e que j√° amei",https://twitter.com/ryuunomon/status/954295192701423617,2018-01-19,08:11:18
954266859167105024,"Ser√° que algu√©m acredita se eu falar que muito tempo atr√°s, quando eu estava no Brasil e tive uma crise de s√≠ndrome do p√¢nico, fui parar no pronto socorro morrendo de medo, e a√≠ veio um cara uma B√≠blia querendo orar por mim e falando que eu tinha que tirar meus piercings",https://twitter.com/ryuunomon/status/954266859167105024,2018-01-19,06:18:43
953582156999098368,cara eu to mt triste kkkkkkkkkkkkk eu to tao na merda que to chorando e soreindo ao mesmo tempo nao sei oq ta acontecendo to mt bugado me ajuda,https://twitter.com/ryuunomon/status/953582156999098368,2018-01-17,08:57:57
952357694635065344,"Eu queria fazer dieta e me sentir cheio/satisfeito ap√≥s as refei√ß√µes Eu como a quantidade suficiente pra me suprir, mas o est√¥mago continua doendo de fome",https://twitter.com/ryuunomon/status/952357694635065344,2018-01-13,23:52:23
952353594962923521,"Afinal, o Ross e a Rachel estavam ou n√£o dando um tempo?  Na verdade, ela quem deu um tempo por estar se sentindo sufocada Nenhum dos dois estavam errados, mas eles estavam de fato dando um tempo Por√©m, agora que me encontro numa situa√ß√£o parecida, n√£o consigo fazer o que ele fez",https://twitter.com/ryuunomon/status/952353594962923521,2018-01-13,23:36:05
952061305736671233,"Quero sair pra ver o ritsu kun, mas a sadness n√£o me permite levantar da cama",https://twitter.com/ryuunomon/status/952061305736671233,2018-01-13,04:14:38
952061029902503936,N√£o sei o que fazer da minha vida,https://twitter.com/ryuunomon/status/952061029902503936,2018-01-13,04:13:32
950183851531399168,"N√£o quero a caralha do seu hotel em Copacabana  Quero chegar a tempo da minha aula, caralho",https://twitter.com/ryuunomon/status/950183851531399168,2018-01-07,23:54:18
950183715090640896,"puta que pariu  N√£o estou acreditando que mandaram por engano um avi√£o menor e eu n√£o consegui voar porque fiz o check in ""tarde demais""(3h antes) Eu e mais umas 10 pessoas S√≥ falta acontecer tipo premoni√ß√£o e o avi√£o explodir no ar",https://twitter.com/ryuunomon/status/950183715090640896,2018-01-07,23:53:45
950176297665392640,ta foda sair do brasil kkkkk pqp,https://twitter.com/ryuunomon/status/950176297665392640,2018-01-07,23:24:17
949807478287622145,"A minha prima tava tanto tempo sem me ver, que quando ela me viu, disse ""eu nunca mais vou deixar voc√™ ir embora"" a√≠ me abra√ßou e prosseguiu dizendo ""aaaah eu quero enfiar voc√™ inteiro dentro de mim"" Como que ela n√£o viu a conota√ß√£o er√≥tica do que estava dizendo, eu me pergunto",https://twitter.com/ryuunomon/status/949807478287622145,2018-01-06,22:58:44
949806926518476800,"Mas blz, eu j√° decidi Vou ficar t√£o gostoso mas t√£o gostoso que as pessoas v√£o olhar pra mim √© falar ""caralho que cara gostoso"" mas eu n√£o vou acreditar porque n√£o tenho auto-estima suficiente pra reconhecer a minha pr√≥pria beleza Mas vou ser gostoso",https://twitter.com/ryuunomon/status/949806926518476800,2018-01-06,22:56:32
949353919230234624,Eu sonhei que tinha tatuado os dois bra√ßos completos e o peito direito... Tava t√£o foda...,https://twitter.com/ryuunomon/status/949353919230234624,2018-01-05,16:56:27
948627765422682113,"Desde que eu me formei do vkei, minha depress√£o piorou Adquiri s√≠ndrome do p√¢nico Perdi 1 emprego Me apaixonei  Perdi a pessoa por quem me apaixonei Jesus Cristo...",https://twitter.com/ryuunomon/status/948627765422682113,2018-01-03,16:50:58
948627263905583105,"Ser√° que o vkei tem tipo uma maldi√ß√£o  Tipo, tu se forma no vkei e tudo na sua vida come√ßa a dar errado",https://twitter.com/ryuunomon/status/948627263905583105,2018-01-03,16:48:59
948372018780692480,"To perdido no tempo aqui no Brasil Que nem minha m√£e me ligando as 4 da manh√£(do Jap√£o) porque esqueceu que ela estava no Brasil e que o fuso hor√°rio √© de somente 1 dia de diferen√ßa, somente",https://twitter.com/ryuunomon/status/948372018780692480,2018-01-02,23:54:43
948369840519163905,"Como eu odeio ficar muito puto e n√£o poder ""me acertar"" com a pessoa na hora Porque quando eu deixo pra depois, eu acabo ficando com pregui√ßa de tretar conforme o tempo passa A√≠ eu fico ""puta merda porque eu n√£o tretei quando estava possesso caralhoooo cu""",https://twitter.com/ryuunomon/status/948369840519163905,2018-01-02,23:46:04
948332752734244864,Porque pessoas n√£o usam tela nas casas no Brasil?  Entra muito inseto(principalmente mosca e moskito) e geral reclama... Mas mesmo assim n√£o tem a cultura da tela em janela e porta,https://twitter.com/ryuunomon/status/948332752734244864,2018-01-02,21:18:42
947970902712573953,T√° foda de viver,https://twitter.com/ryuunomon/status/947970902712573953,2018-01-01,21:20:50
947515533078990849,"√â a primeira vez que digo isso na minha vida, mas eu s√≥ quero que esse ano acabe...",https://twitter.com/ryuunomon/status/947515533078990849,2017-12-31,15:11:21
947175151426326529,"Desculpa por n√£o te responder no line O kokoro deu um brake comigo porque eu fiz merda, ent√£o eu parei de entrar no line at√© ele voltar pra mim... T√¥ destru√≠do",https://twitter.com/ryuunomon/status/947175151426326529,2017-12-30,16:38:48
943126563289272321,"O Breno usa aquele app de ""qm entrou no seu perfil"" e de 10 pessoas 9 deve ser eu Pq ele muda o nome toda hora e eu sempre clico p ver qm √©",https://twitter.com/ryuunomon/status/943126563289272321,2017-12-19,12:31:09
942594244920971265,Puta vontade de comer miojo Mas to de dieta de 1 refei√ß√£o sem calorias por diaüí©,https://twitter.com/ryuunomon/status/942594244920971265,2017-12-18,01:15:55
942578850072072192,"Eu quero minha paz de volta Quero poder dormir √† noite sem os surtos de taquicardia, suor frio, calafrios e dorm√™ncia Eu quero ser normal.",https://twitter.com/ryuunomon/status/942578850072072192,2017-12-18,00:14:44
938223277905817600,"Mano, √© pior Porque o rshitei(mamo) √© a banda mais famosa de vkei hoje em dia Ent√£o atinge uma massa muito maior de ""vitimas""",https://twitter.com/ryuunomon/status/938223277905817600,2017-12-05,23:47:15
938047362521382913,"Eu sei, eu sei  Eu que mudei de assunto repentinamente, foi mal ):  Principalmente as do mamo Hoje em dia s√£o as mais doentes nesse n√≠vel",https://twitter.com/ryuunomon/status/938047362521382913,2017-12-05,12:08:13
935701797557100545,"Mano, ela n√£o sabe que eu sou bi Quando eu saio com meu namorado, ela pensa que eu to saindo cozamigo To me sentindo um lixo AHAHAH me ajuda",https://twitter.com/ryuunomon/status/935701797557100545,2017-11-29,00:47:47
935692468019806208,"Sim, e a gente tava meio que namorando Terminamos, mas ela ainda n√£o sabe disso Eu sei, eu sei... Eu sou um merda... ;_;",https://twitter.com/ryuunomon/status/935692468019806208,2017-11-29,00:10:43
935689422841921541,"ah, eu tranquei a conta por um tempo ):  pra ppk depilada nao me stalkear eu sei, sou uma pessoa horrivel",https://twitter.com/ryuunomon/status/935689422841921541,2017-11-28,23:58:37
934931575770198016,N√£o tenho conta separada pra amigos reais e virtuais Posto tudo nessa merda aqui pra todo mundo ver mesmo e quero mais que se foda,https://twitter.com/ryuunomon/status/934931575770198016,2017-11-26,21:47:12
934446122906542080,"Pensa na pessoa mais fofa que poderia existir Ent√£o, s√≥ que muito mais isso √â uma fofura al√©m do limite da imagina√ß√£o do c√©rebro humano",https://twitter.com/ryuunomon/status/934446122906542080,2017-11-25,13:38:11
934228866817601536,"Basta enfeitar o lixo com roupas de grife e maquiagem, e manipular o amor e a inoc√™ncia de meninas entre 12 e 16 anos Ele devia ser preso",https://twitter.com/ryuunomon/status/934228866817601536,2017-11-24,23:14:53
933658000304177152,Sabe dia longo? Hoje foi o dia mais longo da minha exist√™ncia Levando em conta que n√£o teve aula(feriado) e meu nen√©m vem pra Tokyo amanh√£,https://twitter.com/ryuunomon/status/933658000304177152,2017-11-23,09:26:28
932403576726368256,"O professor entra ""que frio, o aquecedor n√£o t√° ligado?"" T√° ligado, filho da puta T√° pouco quente, quer que a gente assista aula no inferno?",https://twitter.com/ryuunomon/status/932403576726368256,2017-11-19,22:21:50
931759621093572609,"Eu quero que me ame a ponto transbordar em seu peito Para que voc√™ vomite o seu amor em mim, todo o tempo Preciso me alimentar do seu amor",https://twitter.com/ryuunomon/status/931759621093572609,2017-11-18,03:42:59
931758399976390656,"E assim foi feito Simples, r√°pido e direto T√£o natural quanto respirar E t√£o surreal quanto pensar em todo o tempo em que esperei por voc√™",https://twitter.com/ryuunomon/status/931758399976390656,2017-11-18,03:38:08
931755921671258113,"E eu te quis como nunca quis algu√©m em toda a minha vida Foi um sentimento instant√¢neo e direto, assim como minhas palavras ""Eu quero voc√™""",https://twitter.com/ryuunomon/status/931755921671258113,2017-11-18,03:28:17
931753657963503617,"Eu estava louco por aquela mulher Eu √† queria, sem nenhuma raz√£o consistente, apenas √† queria Ela √± √© um objeto e eu nunca √† vi dessa forma",https://twitter.com/ryuunomon/status/931753657963503617,2017-11-18,03:19:17
930585529715802112,"√ë sei qual dos trens √© pior Os de 23~00h, c/ cheiro d bebida, cigarro e vomito Ou os de 7~9h, c/ cheiro d morte pq ningu√©m escova os dentes",https://twitter.com/ryuunomon/status/930585529715802112,2017-11-14,21:57:34
930583311470039040,"Eu fui escovar os dentes na faculdade, o q levantou a conversa Eu: no m√≠nimo 4x ao dia, n√© E as minas: q isso, eu s√≥ escovo antes de dormir",https://twitter.com/ryuunomon/status/930583311470039040,2017-11-14,21:48:45
930424020528390144,"√â sim, cara J√° faz um tempo j√°... Mas t√° sendo uma moda bem duradoura, gra√ßas a Deus Adota e me mostra o resultado ahaha",https://twitter.com/ryuunomon/status/930424020528390144,2017-11-14,11:15:47
930340165607768064,"Jesus Cristo ;_; Espero que o caso dela n√£o seja como o meu  A cada mastigada, uma imagina√ß√£o diferente de como torturar a pessoa AHAHAHAHAH",https://twitter.com/ryuunomon/status/930340165607768064,2017-11-14,05:42:35
930038755053809665,As pessoas deveriam ver Skam(terceira temporada)... S√≥ acho,https://twitter.com/ryuunomon/status/930038755053809665,2017-11-13,09:44:53
929714007056855040,"Os rem√©dios mudaram a minha vida Algu√©m que se recusa a tomar rem√©dios pra melhorar, s√≥ n√£o est√° doente o suficiente √† ponto de precisar...",https://twitter.com/ryuunomon/status/929714007056855040,2017-11-12,12:14:27
929711014324592640,"Um dia tranquilo, pra mim, √© um dia em que eu n√£o acabo tento um ataque, me arranhando todo e chamando a ambul√¢ncia por achar que vou morrer",https://twitter.com/ryuunomon/status/929711014324592640,2017-11-12,12:02:33
929685092976410624,"N√£o consigo entender ter interesse em gente namorando  Se a pessoa trocar o parceiro por voc√™, oq o faz pensar q n√£o trocar√° voc√™ por outro?",https://twitter.com/ryuunomon/status/929685092976410624,2017-11-12,10:19:33
929683682700300288,"Uma coisa comum para qualquer brasileiro Por√©m, eu n√£o falei a parte importante: Foi no Jap√£o. Sim.  Nunca pensei que esse dia fosse chegar",https://twitter.com/ryuunomon/status/929683682700300288,2017-11-12,10:13:57
924276276201848833,Boa noiteüí© Espero que voc√™s v√£o tomar no cu‚ô°,https://twitter.com/ryuunomon/status/924276276201848833,2017-10-28,12:06:51
923749924373643264,"Eu sou o tipo de pessoa que mesmo sem estar atrasado, quero chegar o quanto antes Vejo os hor√°rios dos trens e tal e eu quero subir a tempo",https://twitter.com/ryuunomon/status/923749924373643264,2017-10-27,01:15:19
923731730099347456,"Eu tava aqui ""mds, como assim, quem √© esse"" a√≠ entrei no perfil e fiquei  ""caralho pq eu to seguindo essa pessoa"" a√≠ eu vi a @ e ""Ah, sim""",https://twitter.com/ryuunomon/status/923731730099347456,2017-10-27,00:03:01
921776753097371648,"Essa hora bate uma puta fome  Nem tem como comer essa hora... 1:30 da manh√£  Que que eu vou comer essa hora, me diz aaaaaaaa",https://twitter.com/ryuunomon/status/921776753097371648,2017-10-21,14:34:38
919142611926925314,Minha ansiedade faz meu olho tremer a cada mastigada de um filha da puta desse  Parece um porco comendo merda,https://twitter.com/ryuunomon/status/919142611926925314,2017-10-14,07:07:30
918039212502294528,"√â uma compara√ß√£o horr√≠vel, mas t√° ligado membro fantasma? Quando a pessoa perde um membro mas continua com a sensa√ß√£o de que ainda est√° l√°",https://twitter.com/ryuunomon/status/918039212502294528,2017-10-11,06:02:59
917030490556727302,"Caralho, o quanto escrota uma pessoa pode ser do level 0 at√© mim",https://twitter.com/ryuunomon/status/917030490556727302,2017-10-08,11:14:41
917030222263808000,"Pronto, mandei em japon√™s N√£o sou desses que se esconde e fica falando(mal) no TT dos outros em l√≠ngua que acha que a pessoa n√£o entendeüôÉ",https://twitter.com/ryuunomon/status/917030222263808000,2017-10-08,11:13:37
917024613212622849,Que vergonha alheia de algumas pessoas... Chega a incomodar,https://twitter.com/ryuunomon/status/917024613212622849,2017-10-08,10:51:19
917024201684353026,"Estou sem messenger instalado, portanto n√£o posso ver e nem sei quem manda mensagem Quanto tiver tempo de abrir espa√ßo no celular, eu baixo",https://twitter.com/ryuunomon/status/917024201684353026,2017-10-08,10:49:41
916701721245523968,"Ou n√£o ter nenhum interesse em certo estilo de roupas, e no dia seguinte ter, e no outro mudar pra um completamente diferente, depois voltar",https://twitter.com/ryuunomon/status/916701721245523968,2017-10-07,13:28:16
916701273012891649,"Por exemplo, n√£o ter absolutamente nenhum interesse em determinado sexo e no dia seguinte n√£o ter no oposto, e outro ter em ambos ou nenhum",https://twitter.com/ryuunomon/status/916701273012891649,2017-10-07,13:26:29
916700558542565376,Hoje em dia n√£o sei mais quem eu sou de verdade Os meus gostos e estilo mudam drasticamente em rela√ß√£o ao meu humor no momento N√£o √© normal,https://twitter.com/ryuunomon/status/916700558542565376,2017-10-07,13:23:39
916681782514262017,"Os nomes s√£o s√≠ndrome do p√¢nico e depress√£o  S√£o condi√ß√µes mentais sem massa f√≠sica, mas parece que t√™m vida pr√≥pria e est√£o dentro de mim",https://twitter.com/ryuunomon/status/916681782514262017,2017-10-07,12:09:02
916681192094670848,To sentindo um vazio t√£o grande no peito de repente#E ao mesmo tempo uma agonia... E d√° pra senti-la dentro de mim instalada na garganta...,https://twitter.com/ryuunomon/status/916681192094670848,2017-10-07,12:06:41
914492456455909377,"√â tanto estresse assim hoje em dia?  T√£o diferente do passado...? Quanto mais evolu√≠mos, mais doentes ficamos...",https://twitter.com/ryuunomon/status/914492456455909377,2017-10-01,11:09:26
908682040131776514,"Credo   Bom dia, anjinho‚ô°",https://twitter.com/ryuunomon/status/908682040131776514,2017-09-15,10:20:55
902586647958585344,"Fica s√©culos sem falar comigo, ai de repente me manda ""quanto tempo!"" e ''coincidentemente'' muda o nome pra ''tag nova''  S√≥ pra eu dar RT‚Ä¶",https://twitter.com/ryuunomon/status/902586647958585344,2017-08-29,14:40:00
902233159214829568,"A sua vida se baseia em esperar pelo momento do p√¢nico  A Dorm√™ncia, calafrios, suor frio, arritmia card√≠aca, queima√ß√£o e press√£o na cabe√ßa‚Ä¶",https://twitter.com/ryuunomon/status/902233159214829568,2017-08-28,15:15:22
902231686741680129,A depress√£o te faz querer morrer  √â a s√≠ndrome do p√¢nico faz seu c√©rebro temer a possibilidade de morte em coisas comuns do dia-a-dia,https://twitter.com/ryuunomon/status/902231686741680129,2017-08-28,15:09:31
902230836757405697,"Com 18 anos fui diagnosticado com depress√£o profunda, a qual controlo com medica√ß√£o Mas agora, com s√≠ndrome do p√¢nico, eu conheci o inferno",https://twitter.com/ryuunomon/status/902230836757405697,2017-08-28,15:06:08
899298581630246918,"√â dif√≠cil aceitar o fato de n√£o ter nada de especial ou at√© mesmo ser feio, ao mesmo tempo em que recebe elogios surreais de v√°rias pessoas",https://twitter.com/ryuunomon/status/899298581630246918,2017-08-20,12:54:24
899296113995403264,Pessoas t√™m gostos diferentes Mas √© doloroso algu√©m que nem ao menos mostra o rosto receber milhares de rea√ß√µes E voc√™ receber 1/20 delas,https://twitter.com/ryuunomon/status/899296113995403264,2017-08-20,12:44:36
899293874606059520,"""Nunca vi uma pessoa t√£o linda quanto voc√™"" ""Sua beleza √© surreal"" ""Como pode existir algu√©m t√£o lindo assim vivendo no mesmo mundo que eu""",https://twitter.com/ryuunomon/status/899293874606059520,2017-08-20,12:35:42
899292286483218432,"Mas n√£o sendo uma pessoa de mente sadia o suficiente e algumas(muitas) pessoas enchem sua cabe√ßa com elogios surreais, voc√™ entra em colapso",https://twitter.com/ryuunomon/status/899292286483218432,2017-08-20,12:29:23
899291025096572928,"Se voc√™ entende e aceita o fato de ser algu√©m comum e n√£o ter nada de especial como pessoas √† sua volta, fica mais f√°cil conviver com isso",https://twitter.com/ryuunomon/status/899291025096572928,2017-08-20,12:24:23
899289246439161856,Ent√£o porque continuar colocando expectativas encima da opini√£o de pessoas em quem voc√™ n√£o consegue acreditar?  √â como um parad√≥xo doentio,https://twitter.com/ryuunomon/status/899289246439161856,2017-08-20,12:17:18
898821664435130368,"Foda isso, cara  L√™ com sotaque do RJ que √© aquele que tu mais odeia mesmo  E que √© o meu üôÉ",https://twitter.com/ryuunomon/status/898821664435130368,2017-08-19,05:19:18
898821134656851968,"Eu deveria esconder e enganar voc√™?  A√≠ sim eu seria um lixo/cuz√£o por te dar falsas esperan√ßas ou coisa do tipo Algo que eu nunca fiz, n√©",https://twitter.com/ryuunomon/status/898821134656851968,2017-08-19,05:17:12
898820655520522241,Quando eu saio/posto algo com algu√©m eu sou lixo O que eu devo fazer? S√≥ porque voc√™ gosta de mim eu devo parar de sair com outras pessoas?,https://twitter.com/ryuunomon/status/898820655520522241,2017-08-19,05:15:18
898820171250278400,Mas eu n√£o sou lixo s√≥ por n√£o ter interesse em voc√™(al√©m de amizade) Eu n√£o chamo de lixo as (muitas) meninas que n√£o tem interesse em mim,https://twitter.com/ryuunomon/status/898820171250278400,2017-08-19,05:13:22
898818560822190080,"""Homem √© tudo lixo"" Blz, muita gente tem seus motivos pra usar essa frase generalizada de bosta, por ter sido magoada por um cuz√£o qualquer",https://twitter.com/ryuunomon/status/898818560822190080,2017-08-19,05:06:58
896801128502796288,"Essa gente tem merda na cabe√ßa, sinceramente  Deve tudo comer bosta...    Cada vez mais eu gosto e me aproximo da cultura ocidental...",https://twitter.com/ryuunomon/status/896801128502796288,2017-08-13,15:30:25
896799809016799232,"Nego posta tag de partes aleat√≥rias do corpo(cobrindo o rosto)senta adesivo/mosaico com qualidade lixo, chama de estilo e ganha 3000 likes",https://twitter.com/ryuunomon/status/896799809016799232,2017-08-13,15:25:10
570703202452164608,@_KAIgefumi Bom dia!,https://twitter.com/ryuunomon/status/570703202452164608,2015-02-25,18:53:41
1080415845954666497,"Me devolve meu amor, pelo amor de Deus  T√° foda de aguentar essa dor... Quero ele aqui comigo... N√£o consigo suportar isso",https://twitter.com/ryuunomon/status/1080415845954666497,2019-01-02,08:49:45
1079445296457834496,"Tem coisas que da vergonha de postar no Facebook porque as pessoas v√£o entender o que eu digo  Mas na verdade, to escrevendo s√≥ pra mim mesmo",https://twitter.com/ryuunomon/status/1079445296457834496,2018-12-30,16:33:08
1067737748050632704,"Algu√©m tira essa dor do meu peito Eu n√£o sei explicar  √â uma ang√∫stia que fica entalada na garganta... Mas ang√∫stia √© s√≥ um sentimento Ent√£o como eu posso sent√≠-la dentro de mim, me sufocando?",https://twitter.com/ryuunomon/status/1067737748050632704,2018-11-28,09:11:31
1067737128774197248,"Meu cora√ß√£o t√° acelerado  Puta que pariu  Faz isso parar, por favor",https://twitter.com/ryuunomon/status/1067737128774197248,2018-11-28,09:09:03
1067736978597195776,Sinto forte pancadas de s√≠ndrome do p√¢nico para esta noite,https://twitter.com/ryuunomon/status/1067736978597195776,2018-11-28,09:08:27
1053123441560154113,sim  meu coracao de cirogya ja at√© come√ßou a palpitar  Seria tipo uma banda que deu disband e agora tem boatos de que vai voltar,https://twitter.com/ryuunomon/status/1053123441560154113,2018-10-19,00:19:29
1050581189927399424,"entao ta certo AHAHAHA  mudando de assunto, nenem  nao sei se ja te disse  a minha noiva te chama de ''iti malia san'' tipo esse eh seu nome agora AHAHAH",https://twitter.com/ryuunomon/status/1050581189927399424,2018-10-11,23:57:29
1050578846611697665,"AHAHAHAHAHAHA mas nenem, ela um boneco de barro sem alma dela  ela de verdade era tranquilona",https://twitter.com/ryuunomon/status/1050578846611697665,2018-10-11,23:48:10
1046275382750588928,wwwwwwwww cai da mao  https://twitter.com/r_sadboy/status/1046272775248261120¬†‚Ä¶,https://twitter.com/ryuunomon/status/1046275382750588928,2018-09-30,02:47:44
1031149254775996416,trago pessimas noticias pra vc(e pra mim) acho que esse nosso fetiche se enquadra no genero trapper  eu sei q a verdade pode doer,https://twitter.com/ryuunomon/status/1031149254775996416,2018-08-19,09:01:54
1015127410445029376,"√â muito amor envolvido  N√£o consigo aguentar essa fofura, cara  Vem logo pra tokyo pfv‚Ä¶  https://www.instagram.com/p/Bk4YWqXHV4Y/?utm_source=ig_twitter_share&igshid=3k0bl369mi8x¬†‚Ä¶",https://twitter.com/ryuunomon/status/1015127410445029376,2018-07-06,03:56:49
1011082248269905920,"Vitamina AHAHA  Essa bosta de m√∫sculo s√≥ aparece se eu for√ßar o bra√ßo pra fazer o muki  Se vc olhar o bra√ßo direito q t√° normal, n tem m√∫sculo nenhum kkk",https://twitter.com/ryuunomon/status/1011082248269905920,2018-06-25,00:02:47
1007091832134594560,o meu tbm √©!!  Loiro escuro mate acinzentado  Eu odiava mas hoje em dia gosto Por√©m prefiro preto,https://twitter.com/ryuunomon/status/1007091832134594560,2018-06-13,23:46:18
993384038088900608,"tipo, nak sei como explicar  procura por tenga no google que vai aparecer como eh  eh embaladinho e tal  mas mesmo assim, o cara ter 25 anos, punheteiro, mora com os pais e a mae arruma o quarto  postar isso tentando zuar a mae, soh queima o filme dele kkkk",https://twitter.com/ryuunomon/status/993384038088900608,2018-05-07,03:56:25
973941223613349889,"De boa, nessa situa√ß√£o, ser negativo √© ser sensato  Ser positivo √© inventar situa√ß√µes provavelmente imposs√≠veis de terem acontecido pra te confortar por um breve momento at√© voc√™ descobrir a verdade devastadora e tomar no cu",https://twitter.com/ryuunomon/status/973941223613349889,2018-03-14,12:17:37
973218859321778176,Eu sinto falta da √©poca em que eu era frio e n√£o conseguia amar ou me importar com ningu√©m Mas ao mesmo tempo n√£o sinto Porque eu tamb√©m n√£o conseguia amar e nem me importar com a minha fam√≠lia Eu me sinto feliz por hoje em dia valorizar e me permitir amar e ser amado por ela...,https://twitter.com/ryuunomon/status/973218859321778176,2018-03-12,12:27:12
969063166976995329,"Blz for√ßar a humildade e dizer que √© feia, mas pelo menos, pelo menos para de falar que n√£o √© famosa, mano √â muita for√ßa√ß√£o de barra cara  Da at√© repulsa",https://twitter.com/ryuunomon/status/969063166976995329,2018-03-01,01:13:57
969061221805600768,"Ser humilde ou ter a autoestima baixa e n√£o se achar bonito ou especial, como eu e muitas pessoas, √© completamente compreens√≠vel Mas ser humilde e for√ßar humildade s√£o duas coisas distintas",https://twitter.com/ryuunomon/status/969061221805600768,2018-03-01,01:06:14
967048428948615168,√â duro (:,https://twitter.com/ryuunomon/status/967048428948615168,2018-02-23,11:48:07
962686286703153152,"2.592.000 segundos durou o nosso amor. Tempo suficiente para acontecer tudo o que poderia acontecer em anos de namoro, todo o desgaste emocional espremido em apenas 1 m√™s.  √â isso foi o que nos separou. O tempo, ou melhor, o fato de n√£o termos sabido lidar com ele.",https://twitter.com/ryuunomon/status/962686286703153152,2018-02-11,11:54:31
962683670707359745,"O primeiro beijo no momento em que te vi pela primeira vez, a primeira briga logo ent√£o, seguido do primeiro sexo  A primeira vez andando de m√£os dadas, os primeiros sorrisos, a primeira vez secando suas l√°grimas na hora da despedida, em meio √† tantas palavras de amor e conforto",https://twitter.com/ryuunomon/status/962683670707359745,2018-02-11,11:44:07
962683218750091264,"Tudo relacionado √† n√≥s foi muito r√°pido Amor √† primeira vista, liga√ß√µes e flertes no dia em que nos conhecemos, o meu pedido de namoro no dia seguinte, seguido da sua aceita√ß√£o, e o primeiro encontro na mesma semana em meio √† tanta ansiedade",https://twitter.com/ryuunomon/status/962683218750091264,2018-02-11,11:42:19
958886732203618304,"@hajiinomoto esqueci de te falar, nao sei se ta sabendo  mas parece que o aicle voltou",https://twitter.com/ryuunomon/status/958886732203618304,2018-02-01,00:16:26
954363576474456064,"ele √© gato, mas tipo, heim?",https://twitter.com/ryuunomon/status/954363576474456064,2018-01-19,12:43:02
954295192701423617,"Eu pensei que havia falhado no suic√≠dio De certo modo eu falhei, por n√£o ter morrido Mas eu suicidei algo muito pior... Suicidei minha felicidade Ao tentar acabar com a minha vida, acabei com a √∫nica chance que tinha de ser feliz com a √∫nica pessoa que me completa e que j√° amei",https://twitter.com/ryuunomon/status/954295192701423617,2018-01-19,08:11:18
954268078681997313,S√≥ no exterior que devem ocorrer essas coisas estranhas,https://twitter.com/ryuunomon/status/954268078681997313,2018-01-19,06:23:34
954267697658789889,"Quer orar por mim, ore mano At√© agrade√ßo, fico feliz e tal Mas como assim piercings que que tem a ver",https://twitter.com/ryuunomon/status/954267697658789889,2018-01-19,06:22:03
954266859167105024,"Ser√° que algu√©m acredita se eu falar que muito tempo atr√°s, quando eu estava no Brasil e tive uma crise de s√≠ndrome do p√¢nico, fui parar no pronto socorro morrendo de medo, e a√≠ veio um cara uma B√≠blia querendo orar por mim e falando que eu tinha que tirar meus piercings",https://twitter.com/ryuunomon/status/954266859167105024,2018-01-19,06:18:43
953582156999098368,cara eu to mt triste kkkkkkkkkkkkk eu to tao na merda que to chorando e soreindo ao mesmo tempo nao sei oq ta acontecendo to mt bugado me ajuda,https://twitter.com/ryuunomon/status/953582156999098368,2018-01-17,08:57:57
952366847659134976,"Voc√™ percebe que est√° mudando drasticamente quando voc√™ come mix de castanhas e se sente comendo uma pizza de pepperoni e torta de chocolate Tipo, deu vontade de comer besteira: mix de castanhas",https://twitter.com/ryuunomon/status/952366847659134976,2018-01-14,00:28:45
952353594962923521,"Afinal, o Ross e a Rachel estavam ou n√£o dando um tempo?  Na verdade, ela quem deu um tempo por estar se sentindo sufocada Nenhum dos dois estavam errados, mas eles estavam de fato dando um tempo Por√©m, agora que me encontro numa situa√ß√£o parecida, n√£o consigo fazer o que ele fez",https://twitter.com/ryuunomon/status/952353594962923521,2018-01-13,23:36:05
950183715090640896,"puta que pariu  N√£o estou acreditando que mandaram por engano um avi√£o menor e eu n√£o consegui voar porque fiz o check in ""tarde demais""(3h antes) Eu e mais umas 10 pessoas S√≥ falta acontecer tipo premoni√ß√£o e o avi√£o explodir no ar",https://twitter.com/ryuunomon/status/950183715090640896,2018-01-07,23:53:45
949806926518476800,"Mas blz, eu j√° decidi Vou ficar t√£o gostoso mas t√£o gostoso que as pessoas v√£o olhar pra mim √© falar ""caralho que cara gostoso"" mas eu n√£o vou acreditar porque n√£o tenho auto-estima suficiente pra reconhecer a minha pr√≥pria beleza Mas vou ser gostoso",https://twitter.com/ryuunomon/status/949806926518476800,2018-01-06,22:56:32
949806467007250433,"A pior parte de fazer dieta n√£o √© a parte de se privar de porcaria ou as comidas ruins que voc√™ come, mas a parte de s√≥ poder beber 30 mina antes da refei√ß√£o e esperar 1 hora pra beber depois de comer  Puta que pariu, eu conto os segundos pra beber a caralha de uma √°gua",https://twitter.com/ryuunomon/status/949806467007250433,2018-01-06,22:54:42
948704234438103040,"Estou come√ßando a usar Instagram agora e √© o saco Ainda n√£o consigo entender as paradas direito Mas uma coisa que eu n√£o entendo mesmo s√£o as tags Blz voc√™ colocar tag de ""√≥culos"" numa foto usando um Mas qual a rela√ß√£o de por tag tipo ""alternative"" ""geek"" na foto do seu almo√ßo?",https://twitter.com/ryuunomon/status/948704234438103040,2018-01-03,21:54:50
948627263905583105,"Ser√° que o vkei tem tipo uma maldi√ß√£o  Tipo, tu se forma no vkei e tudo na sua vida come√ßa a dar errado",https://twitter.com/ryuunomon/status/948627263905583105,2018-01-03,16:48:59
948369840519163905,"Como eu odeio ficar muito puto e n√£o poder ""me acertar"" com a pessoa na hora Porque quando eu deixo pra depois, eu acabo ficando com pregui√ßa de tretar conforme o tempo passa A√≠ eu fico ""puta merda porque eu n√£o tretei quando estava possesso caralhoooo cu""",https://twitter.com/ryuunomon/status/948369840519163905,2018-01-02,23:46:04
947903269967417344,"Feliz aniversario, meu amor",https://twitter.com/ryuunomon/status/947903269967417344,2018-01-01,16:52:05
947172054868156417,Est√° chovendo... Clima perfeito pra entrar no mar depois de me besuntar em solar protetor por causa do poss√≠vel morma√ßo,https://twitter.com/ryuunomon/status/947172054868156417,2017-12-30,16:26:30
944609741870915584,√â t√£o f√°cil emagrecer na casa dos pais... Porque tem comida fresca e minha m√£e consegue tornar gostosas aquelas coisas naturais que n√£o tem gosto de nada Mas jaj√° eu volto pra casa/rotina e tenho que tomar cuidado pra n√£o voltar pros instant√¢neos gordurosos...,https://twitter.com/ryuunomon/status/944609741870915584,2017-12-23,14:44:47
943126563289272321,"O Breno usa aquele app de ""qm entrou no seu perfil"" e de 10 pessoas 9 deve ser eu Pq ele muda o nome toda hora e eu sempre clico p ver qm √©",https://twitter.com/ryuunomon/status/943126563289272321,2017-12-19,12:31:09
942590990937939968,√ìdio ):,https://twitter.com/ryuunomon/status/942590990937939968,2017-12-18,01:02:59
937884491598540801,"C√™s v√£o me desculpar, mas o mamo √© feinho demais... Quando t√° todo montado at√© que fica gato, mas fora isso Que tipo de pacto ser√° q ele fez",https://twitter.com/ryuunomon/status/937884491598540801,2017-12-05,01:21:02
936385713653743617,"Hoje eu quero mandar todo mundo se foder Se fode colegas de classe, se fode colga de apt, se fode professor, vai todo mundo tomar no cu",https://twitter.com/ryuunomon/status/936385713653743617,2017-11-30,22:05:25
936022826963763200,"Me receberam bem, at√© ;_; Ningu√©m nem ousou falar nada S√≥ uma menina que veio me perguntar detalhes porque se interessou pela hist√≥ria AHAHA",https://twitter.com/ryuunomon/status/936022826963763200,2017-11-29,22:03:27
935800842032095232,"N√£o h√° motivos para sorrir, n√£o sinto fome Parece que meu corpo permaneceu, mas ele levou minha alma junto com ele... Porque t√£o distante?",https://twitter.com/ryuunomon/status/935800842032095232,2017-11-29,07:21:21
935800158142398466,Nada faz sentido sem ele do meu lado Sem seu sorriso envergonhado e suas birras Me sinto incompleto. Como se apenas houvesse metade de mim,https://twitter.com/ryuunomon/status/935800158142398466,2017-11-29,07:18:38
935729197812797440,"J√° fiz isso, mas ela come√ßou a chorar de solu√ßar",https://twitter.com/ryuunomon/status/935729197812797440,2017-11-29,02:36:40
935701466924195840,"N√£o, tipo Eu e ela est√°vamos meio que namorando S√≥ que terminamos(s√≥ n√£o disse a ela ainda) ;_;",https://twitter.com/ryuunomon/status/935701466924195840,2017-11-29,00:46:28
934932437397733376,"To indo pra aula e quero ver algu√©m ousar a falar algo sobre o kokoro Ah, mas eu quero ver algu√©m tentar Os foras t√£o na ponta da l√≠ngua j√°",https://twitter.com/ryuunomon/status/934932437397733376,2017-11-26,21:50:37
934931575770198016,N√£o tenho conta separada pra amigos reais e virtuais Posto tudo nessa merda aqui pra todo mundo ver mesmo e quero mais que se foda,https://twitter.com/ryuunomon/status/934931575770198016,2017-11-26,21:47:12
934228866817601536,"Basta enfeitar o lixo com roupas de grife e maquiagem, e manipular o amor e a inoc√™ncia de meninas entre 12 e 16 anos Ele devia ser preso",https://twitter.com/ryuunomon/status/934228866817601536,2017-11-24,23:14:53
933658000304177152,Sabe dia longo? Hoje foi o dia mais longo da minha exist√™ncia Levando em conta que n√£o teve aula(feriado) e meu nen√©m vem pra Tokyo amanh√£,https://twitter.com/ryuunomon/status/933658000304177152,2017-11-23,09:26:28
933554258967855111,"Aaaaa essa gente me dando unfollow s√≥ porque estou namorando(e est√° perto do natal) Calma galera, eu ainda sou do povo, ainda sou do mundo",https://twitter.com/ryuunomon/status/933554258967855111,2017-11-23,02:34:14
933234634690723840,Como pode existir uma coisinha t√£o fofa e preciosa nesse mundo t√£o horr√≠vel...,https://twitter.com/ryuunomon/status/933234634690723840,2017-11-22,05:24:10
932582399686279169,"To bem Feliz√£o(essa palavra existe?) agora Mas tipo, pra caralho mesmo",https://twitter.com/ryuunomon/status/932582399686279169,2017-11-20,10:12:25
932582166189371392,"Quando fico feliz, come√ßo a ouvir fall out boy, my chemical romance, panic at the disco compulsivamente Porque remete √† inf√¢ncia boa q tive",https://twitter.com/ryuunomon/status/932582166189371392,2017-11-20,10:11:29
932112607846187008,"Eu quero que me ame a ponto de o sentimento que j√° teve por outros perca o sentido tornando-se ""nada"" Assim eu poderei ser seu primeiro amor",https://twitter.com/ryuunomon/status/932112607846187008,2017-11-19,03:05:38
931896229713166336,"""Como fazer uma make pra tornar o o olho fundo de algu√©m ainda mais fundo em 1 passo""",https://twitter.com/ryuunomon/status/931896229713166336,2017-11-18,12:45:49
931835483360915457,"Quero cobrir os dois bra√ßos, algu√©m me segura  Adeus piscina, fontes termais etc. O pesco√ßo n√£o rola por causa de trabalho...",https://twitter.com/ryuunomon/status/931835483360915457,2017-11-18,08:44:26
931759621093572609,"Eu quero que me ame a ponto transbordar em seu peito Para que voc√™ vomite o seu amor em mim, todo o tempo Preciso me alimentar do seu amor",https://twitter.com/ryuunomon/status/931759621093572609,2017-11-18,03:42:59
931755921671258113,"E eu te quis como nunca quis algu√©m em toda a minha vida Foi um sentimento instant√¢neo e direto, assim como minhas palavras ""Eu quero voc√™""",https://twitter.com/ryuunomon/status/931755921671258113,2017-11-18,03:28:17
931754073480507392,"Ela era tudo o que eu queria em uma mulher Ela era o meu ideal, de dentro para fora Mas n√£o havia sentimento que me prendesse √† ela",https://twitter.com/ryuunomon/status/931754073480507392,2017-11-18,03:20:56
930425896124551169,√â tipo isso Antes eu usava base pra esconder as olheiras Hoje eu saio sem make j√° me sentindo com make  √Äs vezes at√© refor√ßo as olheiras aha,https://twitter.com/ryuunomon/status/930425896124551169,2017-11-14,11:23:14
930376497214365697,obrigado e tamb√©m gostaria de dizer que compartilho desse sentimento,https://twitter.com/ryuunomon/status/930376497214365697,2017-11-14,08:06:57
929714236372037633,awn meu amor,https://twitter.com/ryuunomon/status/929714236372037633,2017-11-12,12:15:21
929710559380963329,"Vem falar isso pra mim que tenho transtorno de ansiedade e s√≠ndrome do p√¢nico, al√©m de depress√£o e tomo rem√©dio como quem t√° comendo cereal",https://twitter.com/ryuunomon/status/929710559380963329,2017-11-12,12:00:45
929709468534763520,Dor de cabe√ßa depois do treino...,https://twitter.com/ryuunomon/status/929709468534763520,2017-11-12,11:56:25
924275660226379777,"''Vou excluir a conta no inverno"" foda-se Nem sei quem √© J√° vai tarde Exclui agora ent√£o, pra que esperar Quer que implorem pra ficar?",https://twitter.com/ryuunomon/status/924275660226379777,2017-10-28,12:04:24
923749924373643264,"Eu sou o tipo de pessoa que mesmo sem estar atrasado, quero chegar o quanto antes Vejo os hor√°rios dos trens e tal e eu quero subir a tempo",https://twitter.com/ryuunomon/status/923749924373643264,2017-10-27,01:15:19
923749159869472768,"Tem gente que pega o trem/metr√¥ na hora do rush(aqui se usa esse termo, da licen√ßa) parecendo que t√° indo tomar o ch√° da tarde na casa da v√≥",https://twitter.com/ryuunomon/status/923749159869472768,2017-10-27,01:12:16
921776753097371648,"Essa hora bate uma puta fome  Nem tem como comer essa hora... 1:30 da manh√£  Que que eu vou comer essa hora, me diz aaaaaaaa",https://twitter.com/ryuunomon/status/921776753097371648,2017-10-21,14:34:38
920267624725995520,"Pensei que no fim ele ia falar ''Por isso que eu gosto √© de machos""  https://twitter.com/powwerbubbles/status/920097232061378561¬†‚Ä¶",https://twitter.com/ryuunomon/status/920267624725995520,2017-10-17,10:37:54
919855051346079744,"Eu amo o inverno, mas ele mal chegou e j√° fodeu meu c√∫ Febre, cabe√ßa explodindo, nariz congestionado, dor no corpo",https://twitter.com/ryuunomon/status/919855051346079744,2017-10-16,07:18:28
919142611926925314,Minha ansiedade faz meu olho tremer a cada mastigada de um filha da puta desse  Parece um porco comendo merda,https://twitter.com/ryuunomon/status/919142611926925314,2017-10-14,07:07:30
918039932576268288,"Eu to com membro... Na verdade, piercing fantasma(?) Tive por 10 anos e tirei ontem, mas ainda sinto como se estivesse na minha bochecha",https://twitter.com/ryuunomon/status/918039932576268288,2017-10-11,06:05:50
917028555082539008,"Muito esquisito falar japon√™s escrevendo com alfabeto... Parece que algo n√£o t√° certo ou que estou escrevendo em ingl√™s, sei l√°",https://twitter.com/ryuunomon/status/917028555082539008,2017-10-08,11:06:59
916700558542565376,Hoje em dia n√£o sei mais quem eu sou de verdade Os meus gostos e estilo mudam drasticamente em rela√ß√£o ao meu humor no momento N√£o √© normal,https://twitter.com/ryuunomon/status/916700558542565376,2017-10-07,13:23:39
914491955215720448,"Na boa, que mundo √© esse, cara... N√£o s√≥ eu, mas todos √† minha volta est√£o sofrendo de algum problema mental...",https://twitter.com/ryuunomon/status/914491955215720448,2017-10-01,11:07:27
913604588783026177,"Oi amor   Tudo, e contigo? Porque n√£o me responde no line?;_;",https://twitter.com/ryuunomon/status/913604588783026177,2017-09-29,00:21:22
902586647958585344,"Fica s√©culos sem falar comigo, ai de repente me manda ""quanto tempo!"" e ''coincidentemente'' muda o nome pra ''tag nova''  S√≥ pra eu dar RT‚Ä¶",https://twitter.com/ryuunomon/status/902586647958585344,2017-08-29,14:40:00
902233159214829568,"A sua vida se baseia em esperar pelo momento do p√¢nico  A Dorm√™ncia, calafrios, suor frio, arritmia card√≠aca, queima√ß√£o e press√£o na cabe√ßa‚Ä¶",https://twitter.com/ryuunomon/status/902233159214829568,2017-08-28,15:15:22
902231686741680129,A depress√£o te faz querer morrer  √â a s√≠ndrome do p√¢nico faz seu c√©rebro temer a possibilidade de morte em coisas comuns do dia-a-dia,https://twitter.com/ryuunomon/status/902231686741680129,2017-08-28,15:09:31
899293874606059520,"""Nunca vi uma pessoa t√£o linda quanto voc√™"" ""Sua beleza √© surreal"" ""Como pode existir algu√©m t√£o lindo assim vivendo no mesmo mundo que eu""",https://twitter.com/ryuunomon/status/899293874606059520,2017-08-20,12:35:42
899292286483218432,"Mas n√£o sendo uma pessoa de mente sadia o suficiente e algumas(muitas) pessoas enchem sua cabe√ßa com elogios surreais, voc√™ entra em colapso",https://twitter.com/ryuunomon/status/899292286483218432,2017-08-20,12:29:23
898821134656851968,"Eu deveria esconder e enganar voc√™?  A√≠ sim eu seria um lixo/cuz√£o por te dar falsas esperan√ßas ou coisa do tipo Algo que eu nunca fiz, n√©",https://twitter.com/ryuunomon/status/898821134656851968,2017-08-19,05:17:12
896801128502796288,"Essa gente tem merda na cabe√ßa, sinceramente  Deve tudo comer bosta...    Cada vez mais eu gosto e me aproximo da cultura ocidental...",https://twitter.com/ryuunomon/status/896801128502796288,2017-08-13,15:30:25
894251047136354304,"o resto do mundo os acha perfeitos apenas por n√£o ter tido a desgra√ßada oportunidade de conviver com voc√™s n√£o querendo generalizar, mas...",https://twitter.com/ryuunomon/status/894251047136354304,2017-08-06,14:37:18
867633964210544641,@feliz__777 „Éï„Ç©„É≠„ÉºÂ§±Á§º„Åó„Åæ„Åô,https://twitter.com/ryuunomon/status/867633964210544641,2017-05-25,03:50:31
815221252285566977,Feliz Ano Novo!,https://twitter.com/ryuunomon/status/815221252285566977,2016-12-31,13:41:07
215940231218733056,"@NickLopesOFC Hora,man",https://twitter.com/ryuunomon/status/215940231218733056,2012-06-21,19:52:17
121711133882195968,@mao_Sadie Good night.,https://twitter.com/ryuunomon/status/121711133882195968,2011-10-05,19:19:30
1080415845954666497,"Me devolve meu amor, pelo amor de Deus  T√° foda de aguentar essa dor... Quero ele aqui comigo... N√£o consigo suportar isso",https://twitter.com/ryuunomon/status/1080415845954666497,2019-01-02,08:49:45
1079446690338226176,"Eu tenho orgulho de ser quem eu sou  De tudo o que conquistei sozinho, com 24~25 anos Mas eu n√£o sou rico... Seria melhor se eu fosse, n√©?   Al√©m de todas as exig√™ncias sobre a conveni√™ncia de locomo√ß√£o pro trabalho e faculdade, n√£o tenho como exigir mimos como banheiro separado",https://twitter.com/ryuunomon/status/1079446690338226176,2018-12-30,16:38:40
1067756803637702657,Essa noite eu dormirei sozinho...,https://twitter.com/ryuunomon/status/1067756803637702657,2018-11-28,10:27:14
1067738423933329408,Meu corpo est√° pesado... Estou cansado  N√£o tenho for√ßas...  As vezes eu sinto como √© j√° tivesse vivido por 60 anos... Isso √© como o meu psicol√≥gico me envelhece... Envelhece minha alma  Estou cansado...,https://twitter.com/ryuunomon/status/1067738423933329408,2018-11-28,09:14:12
1067737748050632704,"Algu√©m tira essa dor do meu peito Eu n√£o sei explicar  √â uma ang√∫stia que fica entalada na garganta... Mas ang√∫stia √© s√≥ um sentimento Ent√£o como eu posso sent√≠-la dentro de mim, me sufocando?",https://twitter.com/ryuunomon/status/1067737748050632704,2018-11-28,09:11:31
1067736978597195776,Sinto forte pancadas de s√≠ndrome do p√¢nico para esta noite,https://twitter.com/ryuunomon/status/1067736978597195776,2018-11-28,09:08:27
1023824989739347968,AHAHAHA S√≥ se for de lingua  Mlk aqui tava 41 com sensa√ß√£o de 50 e pouco  Mais l√° pra baixo t√° fazendo uns 46  Hj que t√° nublado t√° fazendo 39 neste exato momento AHAHAHA,https://twitter.com/ryuunomon/status/1023824989739347968,2018-07-30,03:57:53
1007092890374320128,Oq tem de errado com esse anime? Ahaha,https://twitter.com/ryuunomon/status/1007092890374320128,2018-06-13,23:50:30
1001974939514175489,AHAHAHAH poxa vida Pior de td √© ser pobre √© ter morado na zona sul,https://twitter.com/ryuunomon/status/1001974939514175489,2018-05-30,20:53:36
973218859321778176,Eu sinto falta da √©poca em que eu era frio e n√£o conseguia amar ou me importar com ningu√©m Mas ao mesmo tempo n√£o sinto Porque eu tamb√©m n√£o conseguia amar e nem me importar com a minha fam√≠lia Eu me sinto feliz por hoje em dia valorizar e me permitir amar e ser amado por ela...,https://twitter.com/ryuunomon/status/973218859321778176,2018-03-12,12:27:12
973084960184713217,ahahahaha pqp  O L√©o ta retweetando is tweets do Neymar e eu to rindo sozinho no trem,https://twitter.com/ryuunomon/status/973084960184713217,2018-03-12,03:35:08
969618121672675328,"Si si  pero la cuesti√≥n es que la gente juzga mal a quien elogia a muchas personas... a pesar de que encuentran com√∫n decir ""te amo"" a cualquier uno  Entiendes?",https://twitter.com/ryuunomon/status/969618121672675328,2018-03-02,13:59:09
962686286703153152,"2.592.000 segundos durou o nosso amor. Tempo suficiente para acontecer tudo o que poderia acontecer em anos de namoro, todo o desgaste emocional espremido em apenas 1 m√™s.  √â isso foi o que nos separou. O tempo, ou melhor, o fato de n√£o termos sabido lidar com ele.",https://twitter.com/ryuunomon/status/962686286703153152,2018-02-11,11:54:31
962683670707359745,"O primeiro beijo no momento em que te vi pela primeira vez, a primeira briga logo ent√£o, seguido do primeiro sexo  A primeira vez andando de m√£os dadas, os primeiros sorrisos, a primeira vez secando suas l√°grimas na hora da despedida, em meio √† tantas palavras de amor e conforto",https://twitter.com/ryuunomon/status/962683670707359745,2018-02-11,11:44:07
959090762578198528,Deixa eu aliviar essa dor (que),https://twitter.com/ryuunomon/status/959090762578198528,2018-02-01,13:47:11
957272575331086339,"Nada √© pior do que viver dia ap√≥s dia... Sem conseguir se interessar ou aproveitar nada,  sem compreender a gra√ßa da vida Viver apenas por viver... √Ä espera da morte...",https://twitter.com/ryuunomon/status/957272575331086339,2018-01-27,13:22:21
954295192701423617,"Eu pensei que havia falhado no suic√≠dio De certo modo eu falhei, por n√£o ter morrido Mas eu suicidei algo muito pior... Suicidei minha felicidade Ao tentar acabar com a minha vida, acabei com a √∫nica chance que tinha de ser feliz com a √∫nica pessoa que me completa e que j√° amei",https://twitter.com/ryuunomon/status/954295192701423617,2018-01-19,08:11:18
954267444826202112,"Falando que meus piercings eram uma entrada pro mal etc Ele olhou na minha cara e disse pra minha m√£e ""eu tava olhando de longe o sofrimento do seu filho e quando vi seu rosto eu logo percebi onde estava o problema... Os piercings dele"" n√£o entendi foi nada",https://twitter.com/ryuunomon/status/954267444826202112,2018-01-19,06:21:02
952357694635065344,"Eu queria fazer dieta e me sentir cheio/satisfeito ap√≥s as refei√ß√µes Eu como a quantidade suficiente pra me suprir, mas o est√¥mago continua doendo de fome",https://twitter.com/ryuunomon/status/952357694635065344,2018-01-13,23:52:23
949807478287622145,"A minha prima tava tanto tempo sem me ver, que quando ela me viu, disse ""eu nunca mais vou deixar voc√™ ir embora"" a√≠ me abra√ßou e prosseguiu dizendo ""aaaah eu quero enfiar voc√™ inteiro dentro de mim"" Como que ela n√£o viu a conota√ß√£o er√≥tica do que estava dizendo, eu me pergunto",https://twitter.com/ryuunomon/status/949807478287622145,2018-01-06,22:58:44
949806467007250433,"A pior parte de fazer dieta n√£o √© a parte de se privar de porcaria ou as comidas ruins que voc√™ come, mas a parte de s√≥ poder beber 30 mina antes da refei√ß√£o e esperar 1 hora pra beber depois de comer  Puta que pariu, eu conto os segundos pra beber a caralha de uma √°gua",https://twitter.com/ryuunomon/status/949806467007250433,2018-01-06,22:54:42
948661501665206272,"Mlk deve ser porque eu sai dele mas ainda deixei algumas musicas que gosto no celular  E tu sabe da lenda, n√© Quem sai do vkei aparece ""morto"", ou seja, sai de cena forever sem deixar vest√≠gios ahahahahahahaha (babaquice inventada) To com pena de apagar os deg e gazetto",https://twitter.com/ryuunomon/status/948661501665206272,2018-01-03,19:05:01
948627263905583105,"Ser√° que o vkei tem tipo uma maldi√ß√£o  Tipo, tu se forma no vkei e tudo na sua vida come√ßa a dar errado",https://twitter.com/ryuunomon/status/948627263905583105,2018-01-03,16:48:59
948323007071707145,O que ser√° que tem mais calorias... Suplemento proteico(com carboidrato e a√ß√∫cares)ou omelete de queijo amarelo sem √≥leo? Pior que nem tem como pesquisar isso... Eu acho,https://twitter.com/ryuunomon/status/948323007071707145,2018-01-02,20:39:58
948026332134494214,Estou exausto  N√£o estou suportando essa dor no peito,https://twitter.com/ryuunomon/status/948026332134494214,2018-01-02,01:01:05
938223277905817600,"Mano, √© pior Porque o rshitei(mamo) √© a banda mais famosa de vkei hoje em dia Ent√£o atinge uma massa muito maior de ""vitimas""",https://twitter.com/ryuunomon/status/938223277905817600,2017-12-05,23:47:15
938047362521382913,"Eu sei, eu sei  Eu que mudei de assunto repentinamente, foi mal ):  Principalmente as do mamo Hoje em dia s√£o as mais doentes nesse n√≠vel",https://twitter.com/ryuunomon/status/938047362521382913,2017-12-05,12:08:13
935800842032095232,"N√£o h√° motivos para sorrir, n√£o sinto fome Parece que meu corpo permaneceu, mas ele levou minha alma junto com ele... Porque t√£o distante?",https://twitter.com/ryuunomon/status/935800842032095232,2017-11-29,07:21:21
935800158142398466,Nada faz sentido sem ele do meu lado Sem seu sorriso envergonhado e suas birras Me sinto incompleto. Como se apenas houvesse metade de mim,https://twitter.com/ryuunomon/status/935800158142398466,2017-11-29,07:18:38
935689422841921541,"ah, eu tranquei a conta por um tempo ):  pra ppk depilada nao me stalkear eu sei, sou uma pessoa horrivel",https://twitter.com/ryuunomon/status/935689422841921541,2017-11-28,23:58:37
933234634690723840,Como pode existir uma coisinha t√£o fofa e preciosa nesse mundo t√£o horr√≠vel...,https://twitter.com/ryuunomon/status/933234634690723840,2017-11-22,05:24:10
931753657963503617,"Eu estava louco por aquela mulher Eu √† queria, sem nenhuma raz√£o consistente, apenas √† queria Ela √± √© um objeto e eu nunca √† vi dessa forma",https://twitter.com/ryuunomon/status/931753657963503617,2017-11-18,03:19:17
931554110297456640,Lil Peep - Crybaby  Mal tinha come√ßado a ouvir...  Bad...  https://www.youtube.com/watch?v=Iip7HZbuPiU&feature=share¬†‚Ä¶,https://twitter.com/ryuunomon/status/931554110297456640,2017-11-17,14:06:21
930585529715802112,"√ë sei qual dos trens √© pior Os de 23~00h, c/ cheiro d bebida, cigarro e vomito Ou os de 7~9h, c/ cheiro d morte pq ningu√©m escova os dentes",https://twitter.com/ryuunomon/status/930585529715802112,2017-11-14,21:57:34
930400343170605056,"digo, fixo buguei ''fixado'' ta errado,neÔºü",https://twitter.com/ryuunomon/status/930400343170605056,2017-11-14,09:41:42
930385141737783296,"Mano, aqui √© at√© moda a byou make, que significa ""make doente"" Olheiras e cara de acabado AHAHAHAH  Eu n√£o preciso pq sou assim ao natural",https://twitter.com/ryuunomon/status/930385141737783296,2017-11-14,08:41:18
930223057234305024,senti dor s√≥ de imaginar,https://twitter.com/ryuunomon/status/930223057234305024,2017-11-13,21:57:14
929714007056855040,"Os rem√©dios mudaram a minha vida Algu√©m que se recusa a tomar rem√©dios pra melhorar, s√≥ n√£o est√° doente o suficiente √† ponto de precisar...",https://twitter.com/ryuunomon/status/929714007056855040,2017-11-12,12:14:27
929709468534763520,Dor de cabe√ßa depois do treino...,https://twitter.com/ryuunomon/status/929709468534763520,2017-11-12,11:56:25
923755877282152449,AHAHAHAHA to rindo muito mlk  Tu me adicionou no line errado Vou mandar por whats(reply desnecess√°ria),https://twitter.com/ryuunomon/status/923755877282152449,2017-10-27,01:38:58
919855051346079744,"Eu amo o inverno, mas ele mal chegou e j√° fodeu meu c√∫ Febre, cabe√ßa explodindo, nariz congestionado, dor no corpo",https://twitter.com/ryuunomon/status/919855051346079744,2017-10-16,07:18:28
918039932576268288,"Eu to com membro... Na verdade, piercing fantasma(?) Tive por 10 anos e tirei ontem, mas ainda sinto como se estivesse na minha bochecha",https://twitter.com/ryuunomon/status/918039932576268288,2017-10-11,06:05:50
918039212502294528,"√â uma compara√ß√£o horr√≠vel, mas t√° ligado membro fantasma? Quando a pessoa perde um membro mas continua com a sensa√ß√£o de que ainda est√° l√°",https://twitter.com/ryuunomon/status/918039212502294528,2017-10-11,06:02:59
917030222263808000,"Pronto, mandei em japon√™s N√£o sou desses que se esconde e fica falando(mal) no TT dos outros em l√≠ngua que acha que a pessoa n√£o entendeüôÉ",https://twitter.com/ryuunomon/status/917030222263808000,2017-10-08,11:13:37
917024613212622849,Que vergonha alheia de algumas pessoas... Chega a incomodar,https://twitter.com/ryuunomon/status/917024613212622849,2017-10-08,10:51:19
916702405546221568,"O mesmo em rela√ß√£o √† m√∫sica, filmes etc. Eu me sinto perdido dentro das minhas emo√ß√µes e insanidade Sinto-as tomando conta do meu ser...",https://twitter.com/ryuunomon/status/916702405546221568,2017-10-07,13:30:59
914492456455909377,"√â tanto estresse assim hoje em dia?  T√£o diferente do passado...? Quanto mais evolu√≠mos, mais doentes ficamos...",https://twitter.com/ryuunomon/status/914492456455909377,2017-10-01,11:09:26
903458149868249088,„Ç¶„Çµ„ÇÆ„Åï„Çì„ÅØ‰Ωï„ÇÇÊÇ™„Åè„Å™„ÅÑ„Çì„Å† Tradu√ß√£o literal: o usagisan n√£o tem nada de mal(querendo dizer que nao √© culpa dele)  Ëá™ÂàÜ„ÅåÈÅ∏„Çì„Å†„Çì„Å† fui eu quem escolhi!!!,https://twitter.com/ryuunomon/status/903458149868249088,2017-09-01,00:23:03
902233159214829568,"A sua vida se baseia em esperar pelo momento do p√¢nico  A Dorm√™ncia, calafrios, suor frio, arritmia card√≠aca, queima√ß√£o e press√£o na cabe√ßa‚Ä¶",https://twitter.com/ryuunomon/status/902233159214829568,2017-08-28,15:15:22
899298581630246918,"√â dif√≠cil aceitar o fato de n√£o ter nada de especial ou at√© mesmo ser feio, ao mesmo tempo em que recebe elogios surreais de v√°rias pessoas",https://twitter.com/ryuunomon/status/899298581630246918,2017-08-20,12:54:24
899296915686268928,Eu me sinto um bosta,https://twitter.com/ryuunomon/status/899296915686268928,2017-08-20,12:47:47
894251545365069824,pois √© preciso pouco para ver os defeitos dessa sociedade doente e nojenta e a perfei√ß√£o camuflada por todo esse autocontrole que os consome,https://twitter.com/ryuunomon/status/894251545365069824,2017-08-06,14:39:17
